{
  "version": 1,
  "author": "VIOLA ROSA EMAWARDANI 2020",
  "editor": "wokwi",
  "parts": [
    { "type": "wokwi-esp32-devkit-v1", "id": "esp", "top": 0, "left": 0, "attrs": {} },
    {
      "type": "wokwi-lcd1602",
      "id": "lcd1",
      "top": 35.2,
      "left": 255.2,
      "attrs": { "pins": "i2c" }
    }
  ],
  "connections": [
    [ "esp:TX0", "$serialMonitor:RX", "", [] ],
    [ "esp:RX0", "$serialMonitor:TX", "", [] ],
    [ "lcd1:SCL", "esp:D22", "green", [ "h-124.8", "v-66.9" ] ],
    [ "lcd1:VCC", "esp:3V3", "red", [ "h-124.8", "v86.5" ] ],
    [ "lcd1:GND", "esp:GND.1", "black", [ "h-144", "v57.6" ] ],
    [ "lcd1:SDA", "esp:D21", "green", [ "h-134.4", "v-28.6" ] ]
  ],
  "dependencies": {}
}